STATION,NAME,DATE,AWND,PRCP,SNOW,SNWD,TAVG,TMAX,TMIN,WDF2,WDF5,WSF2,WSF5
USW00014732,"LAGUARDIA AIRPORT, NY US",2015-01-01,13.87,0.0,0.0,0.0,31.0,39.0,27.0,240.0,250.0,23.0,31.1
USW00014732,"LAGUARDIA AIRPORT, NY US",2015-01-02,13.65,0.0,0.0,0.0,39.0,42.0,35.0,290.0,290.0,25.1,32.0
USW00014732,"LAGUARDIA AIRPORT, NY US",2015-01-03,9.62,0.67,0.0,0.0,35.0,41.0,31.0,50.0,50.0,16.1,19.9
USW00014732,"LAGUARDIA AIRPORT, NY US",2015-01-04,10.96,0.31,0.0,0.0,45.0,57.0,41.0,280.0,280.0,30.0,44.1
USW00014732,"LAGUARDIA AIRPORT, NY US",2015-01-05,20.8,0.0,0.0,0.0,42.0,50.0,22.0,300.0,300.0,32.0,49.0
USW00014732,"LAGUARDIA AIRPORT, NY US",2015-01-06,8.28,0.05,1.0,0.0,21.0,22.0,18.0,290.0,310.0,21.0,25.9
USW00014732,"LAGUARDIA AIRPORT, NY US",2015-01-07,19.91,0.0,0.0,1.2,22.0,25.0,10.0,310.0,300.0,36.0,46.1
USW00014732,"LAGUARDIA AIRPORT, NY US",2015-01-08,14.32,0.0,0.0,0.0,13.0,21.0,8.0,310.0,320.0,28.0,36.0
USW00014732,"LAGUARDIA AIRPORT, NY US",2015-01-09,16.11,0.12,1.8,0.0,24.0,33.0,19.0,270.0,270.0,32.0,40.9
USW00014732,"LAGUARDIA AIRPORT, NY US",2015-01-10,14.32,0.0,0.0,1.2,22.0,24.0,17.0,300.0,280.0,21.9,30.0
USW00014732,"LAGUARDIA AIRPORT, NY US",2015-01-11,8.72,0.0,0.0,0.0,25.0,37.0,19.0,270.0,270.0,18.1,23.0
USW00014732,"LAGUARDIA AIRPORT, NY US",2015-01-12,5.82,0.39,0.0,0.0,36.0,39.0,34.0,350.0,360.0,14.1,18.1
USW00014732,"LAGUARDIA AIRPORT, NY US",2015-01-13,14.09,0.0,0.0,0.0,30.0,36.0,17.0,350.0,350.0,23.9,32.0
USW00014732,"LAGUARDIA AIRPORT, NY US",2015-01-14,10.07,0.0,0.0,0.0,22.0,32.0,17.0,40.0,60.0,17.0,23.0
USW00014732,"LAGUARDIA AIRPORT, NY US",2015-01-15,9.62,0.0,0.0,0.0,29.0,34.0,25.0,260.0,310.0,17.0,23.0
USW00014732,"LAGUARDIA AIRPORT, NY US",2015-01-16,18.12,0.0,0.0,0.0,34.0,42.0,20.0,310.0,320.0,36.9,46.1
USW00014732,"LAGUARDIA AIRPORT, NY US",2015-01-17,10.07,0.0,0.0,0.0,22.0,30.0,17.0,310.0,300.0,21.9,25.9
USW00014732,"LAGUARDIA AIRPORT, NY US",2015-01-18,5.37,1.98,0.0,0.0,33.0,43.0,29.0,270.0,260.0,18.1,23.0
USW00014732,"LAGUARDIA AIRPORT, NY US",2015-01-19,15.21,0.0,0.0,0.0,39.0,42.0,37.0,310.0,300.0,28.0,36.9
USW00014732,"LAGUARDIA AIRPORT, NY US",2015-01-20,10.96,0.0,0.0,0.0,37.0,40.0,32.0,310.0,310.0,18.1,21.9
USW00014732,"LAGUARDIA AIRPORT, NY US",2015-01-21,6.93,0.0,0.0,0.0,31.0,35.0,25.0,50.0,50.0,12.1,16.1
USW00014732,"LAGUARDIA AIRPORT, NY US",2015-01-22,8.28,0.0,0.0,0.0,34.0,39.0,31.0,310.0,310.0,19.9,23.9
USW00014732,"LAGUARDIA AIRPORT, NY US",2015-01-23,9.84,0.0,0.0,0.0,32.0,39.0,28.0,320.0,320.0,23.0,28.0
USW00014732,"LAGUARDIA AIRPORT, NY US",2015-01-24,11.63,0.73,4.1,3.1,35.0,40.0,32.0,290.0,290.0,23.9,31.1
USW00014732,"LAGUARDIA AIRPORT, NY US",2015-01-25,13.42,0.0,0.0,1.2,38.0,42.0,30.0,300.0,290.0,25.1,31.1
USW00014732,"LAGUARDIA AIRPORT, NY US",2015-01-26,18.57,0.3,6.0,1.2,27.0,30.0,22.0,40.0,50.0,29.1,38.0
USW00014732,"LAGUARDIA AIRPORT, NY US",2015-01-27,16.55,0.25,5.0,9.1,24.0,28.0,19.0,360.0,360.0,28.0,38.0
USW00014732,"LAGUARDIA AIRPORT, NY US",2015-01-28,12.3,0.0,0.0,7.9,24.0,34.0,17.0,310.0,340.0,21.0,28.0
USW00014732,"LAGUARDIA AIRPORT, NY US",2015-01-29,6.93,0.03,0.3,5.9,26.0,36.0,21.0,210.0,190.0,13.0,17.0
USW00014732,"LAGUARDIA AIRPORT, NY US",2015-01-30,17.9,0.15,1.5,7.1,34.0,37.0,20.0,310.0,310.0,36.0,46.1
USW00014732,"LAGUARDIA AIRPORT, NY US",2015-01-31,21.47,0.0,0.0,5.9,20.0,26.0,13.0,330.0,300.0,35.1,46.1
USW00014732,"LAGUARDIA AIRPORT, NY US",2015-02-01,7.61,0.04,0.4,5.1,27.0,36.0,20.0,300.0,300.0,16.1,21.0
USW00014732,"LAGUARDIA AIRPORT, NY US",2015-02-02,16.78,1.08,6.1,9.1,30.0,33.0,15.0,50.0,40.0,32.0,40.0
USW00014732,"LAGUARDIA AIRPORT, NY US",2015-02-03,11.86,0.0,0.0,9.1,19.0,28.0,14.0,310.0,320.0,25.9,35.1
USW00014732,"LAGUARDIA AIRPORT, NY US",2015-02-04,6.04,0.0,0.0,9.1,30.0,41.0,23.0,210.0,220.0,13.0,16.1
USW00014732,"LAGUARDIA AIRPORT, NY US",2015-02-05,17.67,0.0,0.0,5.9,33.0,40.0,14.0,330.0,320.0,30.0,40.9
USW00014732,"LAGUARDIA AIRPORT, NY US",2015-02-06,12.3,0.0,0.0,5.9,18.0,27.0,12.0,260.0,260.0,23.0,31.1
USW00014732,"LAGUARDIA AIRPORT, NY US",2015-02-07,7.61,0.01,0.2,5.1,29.0,36.0,26.0,260.0,250.0,15.0,19.9
USW00014732,"LAGUARDIA AIRPORT, NY US",2015-02-08,12.3,0.0,0.0,3.9,33.0,36.0,30.0,40.0,50.0,19.9,25.1
USW00014732,"LAGUARDIA AIRPORT, NY US",2015-02-09,16.78,0.07,0.2,3.1,29.0,31.0,26.0,50.0,50.0,23.9,31.1
USW00014732,"LAGUARDIA AIRPORT, NY US",2015-02-10,12.3,0.0,0.0,3.9,30.0,39.0,26.0,360.0,360.0,21.0,25.1
USW00014732,"LAGUARDIA AIRPORT, NY US",2015-02-11,9.17,0.0,0.0,3.9,28.0,33.0,22.0,170.0,40.0,21.0,25.9
USW00014732,"LAGUARDIA AIRPORT, NY US",2015-02-12,12.97,0.0,0.0,3.9,32.0,40.0,17.0,330.0,320.0,33.1,40.9
USW00014732,"LAGUARDIA AIRPORT, NY US",2015-02-13,17.22,0.0,0.0,3.9,18.0,22.0,9.0,320.0,290.0,33.1,40.9
USW00014732,"LAGUARDIA AIRPORT, NY US",2015-02-14,8.05,0.05,0.6,3.9,23.0,32.0,16.0,190.0,210.0,19.9,25.1
USW00014732,"LAGUARDIA AIRPORT, NY US",2015-02-15,26.62,0.01,0.2,5.1,20.0,26.0,5.0,320.0,320.0,36.9,48.1
USW00014732,"LAGUARDIA AIRPORT, NY US",2015-02-16,13.42,0.0,0.0,5.1,10.0,21.0,4.0,310.0,310.0,31.1,38.0
USW00014732,"LAGUARDIA AIRPORT, NY US",2015-02-17,6.93,0.13,3.2,7.9,19.0,28.0,14.0,50.0,50.0,15.0,21.0
USW00014732,"LAGUARDIA AIRPORT, NY US",2015-02-18,6.71,0.0,0.1,7.1,24.0,31.0,18.0,250.0,220.0,16.1,21.9
USW00014732,"LAGUARDIA AIRPORT, NY US",2015-02-19,21.03,0.0,0.0,5.1,22.0,27.0,9.0,310.0,290.0,32.0,40.0
USW00014732,"LAGUARDIA AIRPORT, NY US",2015-02-20,17.22,0.0,0.0,5.1,11.0,21.0,3.0,290.0,290.0,30.0,38.0
USW00014732,"LAGUARDIA AIRPORT, NY US",2015-02-21,8.5,0.6,3.6,5.1,20.0,32.0,14.0,180.0,170.0,18.1,23.9
USW00014732,"LAGUARDIA AIRPORT, NY US",2015-02-22,5.14,0.11,0.5,7.9,34.0,42.0,31.0,270.0,310.0,15.0,21.0
USW00014732,"LAGUARDIA AIRPORT, NY US",2015-02-23,18.34,0.0,0.0,5.9,29.0,38.0,8.0,310.0,310.0,28.0,38.9
USW00014732,"LAGUARDIA AIRPORT, NY US",2015-02-24,8.95,0.0,0.0,5.9,12.0,25.0,6.0,310.0,310.0,21.0,23.9
USW00014732,"LAGUARDIA AIRPORT, NY US",2015-02-25,10.07,0.0,0.0,5.9,28.0,38.0,21.0,300.0,300.0,23.0,30.0
USW00014732,"LAGUARDIA AIRPORT, NY US",2015-02-26,10.74,0.0,0.0,5.1,27.0,32.0,21.0,40.0,50.0,17.0,23.9
USW00014732,"LAGUARDIA AIRPORT, NY US",2015-02-27,9.84,0.0,0.0,5.1,24.0,30.0,19.0,320.0,330.0,19.9,23.9
USW00014732,"LAGUARDIA AIRPORT, NY US",2015-02-28,5.82,0.0,0.0,5.1,22.0,30.0,15.0,330.0,330.0,19.9,23.0
USW00014732,"LAGUARDIA AIRPORT, NY US",2015-03-01,4.47,0.48,3.5,3.1,27.0,30.0,24.0,180.0,170.0,16.1,19.9
USW00014732,"LAGUARDIA AIRPORT, NY US",2015-03-02,14.76,0.0,0.0,5.9,32.0,38.0,28.0,310.0,320.0,31.1,40.0
USW00014732,"LAGUARDIA AIRPORT, NY US",2015-03-03,9.4,0.72,1.0,5.1,28.0,36.0,24.0,180.0,190.0,18.1,21.9
USW00014732,"LAGUARDIA AIRPORT, NY US",2015-03-04,8.5,0.25,0.0,3.9,39.0,47.0,36.0,220.0,240.0,16.1,21.9
USW00014732,"LAGUARDIA AIRPORT, NY US",2015-03-05,12.08,0.6,8.1,3.1,33.0,41.0,20.0,320.0,320.0,23.9,30.0
USW00014732,"LAGUARDIA AIRPORT, NY US",2015-03-06,6.93,0.0,0.0,11.0,21.0,28.0,15.0,330.0,340.0,21.0,25.1
USW00014732,"LAGUARDIA AIRPORT, NY US",2015-03-07,10.07,0.0,0.0,5.9,27.0,39.0,20.0,240.0,240.0,18.1,25.9
USW00014732,"LAGUARDIA AIRPORT, NY US",2015-03-08,8.5,0.0,0.0,5.1,40.0,49.0,35.0,340.0,330.0,25.1,33.1
USW00014732,"LAGUARDIA AIRPORT, NY US",2015-03-09,6.93,0.02,0.0,3.1,45.0,54.0,36.0,300.0,240.0,19.9,28.0
USW00014732,"LAGUARDIA AIRPORT, NY US",2015-03-10,6.49,0.42,0.0,1.2,41.0,54.0,33.0,50.0,60.0,12.1,18.1
USW00014732,"LAGUARDIA AIRPORT, NY US",2015-03-11,10.74,0.02,0.0,0.0,46.0,60.0,37.0,310.0,300.0,23.9,32.0
USW00014732,"LAGUARDIA AIRPORT, NY US",2015-03-12,18.12,0.0,0.0,0.0,45.0,47.0,37.0,340.0,350.0,32.0,46.1
USW00014732,"LAGUARDIA AIRPORT, NY US",2015-03-13,9.62,0.0,0.0,0.0,37.0,43.0,31.0,170.0,170.0,17.0,21.9
USW00014732,"LAGUARDIA AIRPORT, NY US",2015-03-14,8.05,1.02,0.0,0.0,44.0,51.0,37.0,300.0,300.0,16.1,21.9
USW00014732,"LAGUARDIA AIRPORT, NY US",2015-03-15,18.34,0.0,0.0,0.0,44.0,47.0,37.0,320.0,320.0,33.1,46.1
USW00014732,"LAGUARDIA AIRPORT, NY US",2015-03-16,7.16,0.0,0.0,0.0,40.0,51.0,36.0,310.0,320.0,18.1,21.9
USW00014732,"LAGUARDIA AIRPORT, NY US",2015-03-17,17.67,0.01,0.0,0.0,48.0,54.0,34.0,310.0,310.0,38.0,51.0
USW00014732,"LAGUARDIA AIRPORT, NY US",2015-03-18,18.79,0.0,0.0,0.0,34.0,38.0,28.0,320.0,320.0,32.0,40.0
USW00014732,"LAGUARDIA AIRPORT, NY US",2015-03-19,11.86,0.0,0.0,0.0,33.0,42.0,29.0,320.0,320.0,21.0,25.9
USW00014732,"LAGUARDIA AIRPORT, NY US",2015-03-20,11.18,0.28,4.6,0.0,34.0,38.0,29.0,40.0,60.0,21.0,28.0
USW00014732,"LAGUARDIA AIRPORT, NY US",2015-03-21,7.61,0.01,0.1,3.9,35.0,48.0,29.0,300.0,310.0,23.9,30.0
USW00014732,"LAGUARDIA AIRPORT, NY US",2015-03-22,16.11,0.0,0.0,0.0,40.0,44.0,28.0,330.0,300.0,23.9,31.1
USW00014732,"LAGUARDIA AIRPORT, NY US",2015-03-23,13.87,0.0,0.0,0.0,31.0,38.0,24.0,320.0,320.0,23.9,30.0
USW00014732,"LAGUARDIA AIRPORT, NY US",2015-03-24,6.26,0.0,0.0,0.0,34.0,44.0,26.0,360.0,360.0,14.1,17.0
USW00014732,"LAGUARDIA AIRPORT, NY US",2015-03-25,7.38,0.05,0.0,0.0,39.0,48.0,32.0,160.0,190.0,21.0,23.9
USW00014732,"LAGUARDIA AIRPORT, NY US",2015-03-26,6.71,0.24,0.0,0.0,45.0,57.0,38.0,350.0,360.0,18.1,21.9
USW00014732,"LAGUARDIA AIRPORT, NY US",2015-03-27,8.5,0.28,0.0,0.0,45.0,46.0,40.0,320.0,310.0,21.9,28.0
USW00014732,"LAGUARDIA AIRPORT, NY US",2015-03-28,14.32,0.0,0.0,0.0,38.0,41.0,27.0,330.0,320.0,23.9,31.1
USW00014732,"LAGUARDIA AIRPORT, NY US",2015-03-29,10.29,0.0,0.0,0.0,33.0,46.0,27.0,330.0,330.0,18.1,23.0
USW00014732,"LAGUARDIA AIRPORT, NY US",2015-03-30,13.87,0.0,0.0,0.0,42.0,55.0,34.0,300.0,320.0,28.0,38.9
USW00014732,"LAGUARDIA AIRPORT, NY US",2015-03-31,8.95,0.14,0.0,0.0,43.0,47.0,36.0,270.0,290.0,17.0,23.9
USW00014732,"LAGUARDIA AIRPORT, NY US",2015-04-01,9.84,0.0,0.0,0.0,40.0,51.0,34.0,310.0,320.0,19.9,28.0
USW00014732,"LAGUARDIA AIRPORT, NY US",2015-04-02,10.51,0.0,0.0,0.0,50.0,63.0,39.0,220.0,230.0,23.0,30.0
USW00014732,"LAGUARDIA AIRPORT, NY US",2015-04-03,9.84,0.04,0.0,0.0,59.0,63.0,53.0,220.0,220.0,19.9,28.0
USW00014732,"LAGUARDIA AIRPORT, NY US",2015-04-04,19.24,0.0,0.0,0.0,52.0,60.0,44.0,310.0,290.0,31.1,47.0
USW00014732,"LAGUARDIA AIRPORT, NY US",2015-04-05,10.96,0.0,0.0,0.0,50.0,62.0,43.0,260.0,270.0,25.9,38.0
USW00014732,"LAGUARDIA AIRPORT, NY US",2015-04-06,8.28,0.0,0.0,0.0,47.0,60.0,39.0,60.0,60.0,16.1,25.1
USW00014732,"LAGUARDIA AIRPORT, NY US",2015-04-07,10.51,0.17,0.0,0.0,51.0,57.0,42.0,60.0,60.0,21.9,30.0
USW00014732,"LAGUARDIA AIRPORT, NY US",2015-04-08,15.43,0.0,0.0,0.0,43.0,46.0,38.0,60.0,70.0,21.9,28.0
USW00014732,"LAGUARDIA AIRPORT, NY US",2015-04-09,12.3,0.01,0.0,0.0,39.0,44.0,37.0,60.0,50.0,21.0,25.1
USW00014732,"LAGUARDIA AIRPORT, NY US",2015-04-10,8.28,0.24,0.0,0.0,43.0,57.0,39.0,260.0,290.0,18.1,23.0
USW00014732,"LAGUARDIA AIRPORT, NY US",2015-04-11,17.0,0.0,0.0,0.0,55.0,57.0,45.0,300.0,310.0,31.1,40.0
USW00014732,"LAGUARDIA AIRPORT, NY US",2015-04-12,7.61,0.0,0.0,0.0,51.0,65.0,44.0,170.0,160.0,19.9,23.0
USW00014732,"LAGUARDIA AIRPORT, NY US",2015-04-13,9.84,0.0,0.0,0.0,56.0,65.0,47.0,170.0,180.0,23.9,30.0
USW00014732,"LAGUARDIA AIRPORT, NY US",2015-04-14,6.26,0.0,0.0,0.0,59.0,65.0,53.0,330.0,320.0,23.0,28.0
USW00014732,"LAGUARDIA AIRPORT, NY US",2015-04-15,10.74,0.0,0.0,0.0,59.0,70.0,51.0,350.0,350.0,23.9,32.0
USW00014732,"LAGUARDIA AIRPORT, NY US",2015-04-16,8.05,0.0,0.0,0.0,56.0,62.0,47.0,170.0,60.0,16.1,23.9
USW00014732,"LAGUARDIA AIRPORT, NY US",2015-04-17,9.62,0.08,0.0,0.0,60.0,71.0,55.0,260.0,260.0,17.0,21.9
USW00014732,"LAGUARDIA AIRPORT, NY US",2015-04-18,7.38,0.0,0.0,0.0,66.0,79.0,54.0,330.0,340.0,21.9,30.0
USW00014732,"LAGUARDIA AIRPORT, NY US",2015-04-19,10.51,0.0,0.0,0.0,58.0,61.0,47.0,110.0,160.0,17.0,25.1
USW00014732,"LAGUARDIA AIRPORT, NY US",2015-04-20,14.76,0.95,0.0,0.0,51.0,59.0,45.0,130.0,120.0,36.0,45.0
USW00014732,"LAGUARDIA AIRPORT, NY US",2015-04-21,10.07,0.23,0.0,0.0,57.0,67.0,52.0,260.0,260.0,23.0,30.0
USW00014732,"LAGUARDIA AIRPORT, NY US",2015-04-22,12.3,0.1,0.0,0.0,59.0,67.0,48.0,170.0,260.0,28.0,36.9
USW00014732,"LAGUARDIA AIRPORT, NY US",2015-04-23,15.88,0.0,0.0,0.0,47.0,50.0,42.0,300.0,300.0,30.0,36.9
USW00014732,"LAGUARDIA AIRPORT, NY US",2015-04-24,19.01,0.0,0.0,0.0,43.0,50.0,39.0,320.0,340.0,29.1,40.0
USW00014732,"LAGUARDIA AIRPORT, NY US",2015-04-25,10.51,0.0,0.0,0.0,46.0,60.0,39.0,310.0,300.0,18.1,25.1
USW00014732,"LAGUARDIA AIRPORT, NY US",2015-04-26,7.38,0.0,0.0,0.0,52.0,61.0,45.0,320.0,340.0,19.9,23.9
USW00014732,"LAGUARDIA AIRPORT, NY US",2015-04-27,12.3,0.0,0.0,0.0,54.0,60.0,49.0,320.0,340.0,23.9,30.0
USW00014732,"LAGUARDIA AIRPORT, NY US",2015-04-28,12.3,0.0,0.0,0.0,57.0,72.0,51.0,360.0,350.0,25.1,35.1
USW00014732,"LAGUARDIA AIRPORT, NY US",2015-04-29,11.41,0.0,0.0,0.0,64.0,76.0,48.0,50.0,40.0,25.9,31.1
USW00014732,"LAGUARDIA AIRPORT, NY US",2015-04-30,13.42,0.0,0.0,0.0,52.0,64.0,47.0,40.0,50.0,21.0,25.1
USW00014732,"LAGUARDIA AIRPORT, NY US",2015-05-01,7.61,0.0,0.0,0.0,53.0,59.0,48.0,50.0,140.0,16.1,19.9
USW00014732,"LAGUARDIA AIRPORT, NY US",2015-05-02,6.26,0.0,0.0,0.0,54.0,69.0,48.0,170.0,170.0,19.9,23.0
USW00014732,"LAGUARDIA AIRPORT, NY US",2015-05-03,6.71,0.0,0.0,0.0,60.0,76.0,51.0,170.0,210.0,21.9,29.1
USW00014732,"LAGUARDIA AIRPORT, NY US",2015-05-04,9.84,0.0,0.0,0.0,67.0,82.0,54.0,170.0,180.0,23.0,29.1
USW00014732,"LAGUARDIA AIRPORT, NY US",2015-05-05,6.71,0.0,0.0,0.0,73.0,81.0,64.0,170.0,220.0,16.1,21.9
USW00014732,"LAGUARDIA AIRPORT, NY US",2015-05-06,7.38,0.0,0.0,0.0,65.0,69.0,58.0,50.0,50.0,13.0,21.0
USW00014732,"LAGUARDIA AIRPORT, NY US",2015-05-07,6.71,0.0,0.0,0.0,65.0,76.0,52.0,180.0,130.0,16.1,21.0
USW00014732,"LAGUARDIA AIRPORT, NY US",2015-05-08,7.38,0.0,0.0,0.0,64.0,79.0,54.0,180.0,170.0,17.0,23.0
USW00014732,"LAGUARDIA AIRPORT, NY US",2015-05-09,8.5,0.01,0.0,0.0,58.0,64.0,53.0,40.0,40.0,15.0,21.0
USW00014732,"LAGUARDIA AIRPORT, NY US",2015-05-10,8.05,0.0,0.0,0.0,66.0,82.0,57.0,160.0,190.0,18.1,23.0
USW00014732,"LAGUARDIA AIRPORT, NY US",2015-05-11,10.74,0.0,0.0,0.0,74.0,83.0,67.0,170.0,190.0,21.9,29.1
USW00014732,"LAGUARDIA AIRPORT, NY US",2015-05-12,12.75,0.0,0.0,0.0,75.0,87.0,63.0,310.0,300.0,31.1,40.9
USW00014732,"LAGUARDIA AIRPORT, NY US",2015-05-13,17.0,0.0,0.0,0.0,65.0,67.0,54.0,320.0,320.0,25.9,32.0
USW00014732,"LAGUARDIA AIRPORT, NY US",2015-05-14,8.05,0.0,0.0,0.0,60.0,72.0,52.0,160.0,350.0,17.0,21.0
USW00014732,"LAGUARDIA AIRPORT, NY US",2015-05-15,9.17,0.0,0.0,0.0,63.0,74.0,56.0,180.0,180.0,23.0,32.0
USW00014732,"LAGUARDIA AIRPORT, NY US",2015-05-16,6.04,0.27,0.0,0.0,65.0,75.0,57.0,50.0,170.0,13.0,14.1
USW00014732,"LAGUARDIA AIRPORT, NY US",2015-05-17,3.58,0.02,0.0,0.0,70.0,83.0,61.0,170.0,170.0,13.0,17.0
USW00014732,"LAGUARDIA AIRPORT, NY US",2015-05-18,9.4,0.0,0.0,0.0,64.0,71.0,56.0,50.0,50.0,21.9,25.1
USW00014732,"LAGUARDIA AIRPORT, NY US",2015-05-19,8.05,0.01,0.0,0.0,62.0,82.0,55.0,330.0,320.0,23.9,30.0
USW00014732,"LAGUARDIA AIRPORT, NY US",2015-05-20,16.11,0.0,0.0,0.0,62.0,66.0,55.0,320.0,320.0,25.1,31.1
USW00014732,"LAGUARDIA AIRPORT, NY US",2015-05-21,6.71,0.0,0.0,0.0,57.0,62.0,53.0,180.0,180.0,15.0,18.1
USW00014732,"LAGUARDIA AIRPORT, NY US",2015-05-22,13.2,0.0,0.0,0.0,62.0,75.0,55.0,310.0,270.0,25.1,36.0
USW00014732,"LAGUARDIA AIRPORT, NY US",2015-05-23,11.63,0.0,0.0,0.0,59.0,70.0,50.0,320.0,310.0,25.9,38.0
USW00014732,"LAGUARDIA AIRPORT, NY US",2015-05-24,10.07,0.0,0.0,0.0,66.0,81.0,56.0,160.0,170.0,21.0,25.1
USW00014732,"LAGUARDIA AIRPORT, NY US",2015-05-25,10.51,0.0,0.0,0.0,72.0,83.0,65.0,170.0,180.0,21.9,25.1
USW00014732,"LAGUARDIA AIRPORT, NY US",2015-05-26,11.63,0.0,0.0,0.0,75.0,86.0,67.0,160.0,160.0,18.1,23.0
USW00014732,"LAGUARDIA AIRPORT, NY US",2015-05-27,10.07,0.02,0.0,0.0,74.0,81.0,67.0,160.0,170.0,25.1,30.0
USW00014732,"LAGUARDIA AIRPORT, NY US",2015-05-28,8.5,0.0,0.0,0.0,73.0,84.0,67.0,160.0,200.0,17.0,21.0
USW00014732,"LAGUARDIA AIRPORT, NY US",2015-05-29,7.83,0.0,0.0,0.0,73.0,82.0,64.0,190.0,160.0,14.1,18.1
USW00014732,"LAGUARDIA AIRPORT, NY US",2015-05-30,12.3,0.0,0.0,0.0,73.0,83.0,66.0,160.0,160.0,25.1,30.0
USW00014732,"LAGUARDIA AIRPORT, NY US",2015-05-31,12.3,1.28,0.0,0.0,75.0,86.0,57.0,50.0,50.0,25.1,30.0
USW00014732,"LAGUARDIA AIRPORT, NY US",2015-06-01,16.33,0.77,0.0,0.0,57.0,58.0,51.0,60.0,70.0,23.0,31.1
USW00014732,"LAGUARDIA AIRPORT, NY US",2015-06-02,9.4,0.35,0.0,0.0,52.0,56.0,50.0,50.0,50.0,21.0,23.9
USW00014732,"LAGUARDIA AIRPORT, NY US",2015-06-03,8.72,0.0,0.0,0.0,58.0,69.0,53.0,170.0,50.0,15.0,19.9
USW00014732,"LAGUARDIA AIRPORT, NY US",2015-06-04,10.51,0.0,0.0,0.0,58.0,65.0,54.0,50.0,60.0,17.0,25.1
USW00014732,"LAGUARDIA AIRPORT, NY US",2015-06-05,6.71,0.0,0.0,0.0,60.0,68.0,56.0,50.0,50.0,13.0,19.9
USW00014732,"LAGUARDIA AIRPORT, NY US",2015-06-06,9.4,0.55,0.0,0.0,66.0,74.0,59.0,360.0,360.0,25.9,33.1
USW00014732,"LAGUARDIA AIRPORT, NY US",2015-06-07,10.29,0.0,0.0,0.0,65.0,73.0,57.0,170.0,170.0,21.0,28.0
USW00014732,"LAGUARDIA AIRPORT, NY US",2015-06-08,13.42,0.04,0.0,0.0,67.0,77.0,62.0,180.0,170.0,23.9,31.1
USW00014732,"LAGUARDIA AIRPORT, NY US",2015-06-09,11.63,0.01,0.0,0.0,73.0,85.0,67.0,260.0,290.0,23.0,31.1
USW00014732,"LAGUARDIA AIRPORT, NY US",2015-06-10,8.95,0.0,0.0,0.0,74.0,82.0,66.0,160.0,180.0,19.9,23.9
USW00014732,"LAGUARDIA AIRPORT, NY US",2015-06-11,10.07,0.0,0.0,0.0,80.0,92.0,72.0,270.0,260.0,19.9,23.0
USW00014732,"LAGUARDIA AIRPORT, NY US",2015-06-12,8.72,0.0,0.0,0.0,81.0,88.0,71.0,160.0,170.0,18.1,23.0
USW00014732,"LAGUARDIA AIRPORT, NY US",2015-06-13,10.51,0.0,0.0,0.0,80.0,84.0,72.0,310.0,360.0,21.9,25.9
USW00014732,"LAGUARDIA AIRPORT, NY US",2015-06-14,8.5,0.26,0.0,0.0,77.0,87.0,67.0,170.0,170.0,19.9,23.0
USW00014732,"LAGUARDIA AIRPORT, NY US",2015-06-15,10.51,0.55,0.0,0.0,70.0,81.0,63.0,50.0,50.0,21.9,28.0
USW00014732,"LAGUARDIA AIRPORT, NY US",2015-06-16,7.61,0.34,0.0,0.0,68.0,79.0,64.0,330.0,330.0,16.1,21.9
USW00014732,"LAGUARDIA AIRPORT, NY US",2015-06-17,9.4,0.0,0.0,0.0,74.0,79.0,66.0,190.0,60.0,15.0,21.9
USW00014732,"LAGUARDIA AIRPORT, NY US",2015-06-18,8.95,0.0,0.0,0.0,67.0,71.0,65.0,170.0,180.0,15.0,19.9
USW00014732,"LAGUARDIA AIRPORT, NY US",2015-06-19,6.49,0.0,0.0,0.0,73.0,85.0,67.0,60.0,50.0,15.0,21.9
USW00014732,"LAGUARDIA AIRPORT, NY US",2015-06-20,10.07,0.0,0.0,0.0,69.0,73.0,64.0,50.0,50.0,16.1,18.1
USW00014732,"LAGUARDIA AIRPORT, NY US",2015-06-21,11.18,0.54,0.0,0.0,75.0,90.0,69.0,280.0,320.0,31.1,40.9
USW00014732,"LAGUARDIA AIRPORT, NY US",2015-06-22,11.18,0.0,0.0,0.0,80.0,89.0,72.0,310.0,310.0,21.9,25.1
USW00014732,"LAGUARDIA AIRPORT, NY US",2015-06-23,13.42,0.07,0.0,0.0,84.0,92.0,76.0,230.0,240.0,35.1,49.0
USW00014732,"LAGUARDIA AIRPORT, NY US",2015-06-24,10.96,0.0,0.0,0.0,77.0,83.0,69.0,320.0,330.0,19.9,23.9
USW00014732,"LAGUARDIA AIRPORT, NY US",2015-06-25,6.71,0.0,0.0,0.0,77.0,85.0,69.0,170.0,190.0,17.0,21.9
USW00014732,"LAGUARDIA AIRPORT, NY US",2015-06-26,8.72,0.0,0.0,0.0,75.0,80.0,70.0,40.0,50.0,19.9,28.0
USW00014732,"LAGUARDIA AIRPORT, NY US",2015-06-27,12.3,1.06,0.0,0.0,69.0,74.0,60.0,60.0,90.0,25.1,30.0
USW00014732,"LAGUARDIA AIRPORT, NY US",2015-06-28,12.53,0.26,0.0,0.0,64.0,74.0,62.0,50.0,50.0,31.1,36.0
USW00014732,"LAGUARDIA AIRPORT, NY US",2015-06-29,10.51,0.0,0.0,0.0,71.0,78.0,64.0,270.0,270.0,21.9,30.0
USW00014732,"LAGUARDIA AIRPORT, NY US",2015-06-30,12.75,0.0,0.0,0.0,75.0,82.0,67.0,170.0,170.0,25.1,31.1
USW00014732,"LAGUARDIA AIRPORT, NY US",2015-07-01,10.51,0.35,0.0,0.0,76.0,85.0,70.0,270.0,270.0,23.0,30.0
USW00014732,"LAGUARDIA AIRPORT, NY US",2015-07-02,5.82,0.0,0.0,0.0,76.0,81.0,70.0,170.0,150.0,14.1,16.1
USW00014732,"LAGUARDIA AIRPORT, NY US",2015-07-03,6.71,0.0,0.0,0.0,74.0,81.0,67.0,160.0,170.0,15.0,18.1
USW00014732,"LAGUARDIA AIRPORT, NY US",2015-07-04,6.93,0.0,0.0,0.0,72.0,75.0,69.0,60.0,60.0,13.0,18.1
USW00014732,"LAGUARDIA AIRPORT, NY US",2015-07-05,5.59,0.0,0.0,0.0,75.0,85.0,70.0,180.0,180.0,17.0,21.0
USW00014732,"LAGUARDIA AIRPORT, NY US",2015-07-06,7.83,0.0,0.0,0.0,77.0,83.0,71.0,170.0,180.0,16.1,21.0
USW00014732,"LAGUARDIA AIRPORT, NY US",2015-07-07,10.51,0.0,0.0,0.0,80.0,88.0,75.0,160.0,160.0,21.9,25.9
USW00014732,"LAGUARDIA AIRPORT, NY US",2015-07-08,7.61,0.09,0.0,0.0,82.0,89.0,76.0,320.0,320.0,18.1,23.0
USW00014732,"LAGUARDIA AIRPORT, NY US",2015-07-09,8.5,0.29,0.0,0.0,74.0,79.0,68.0,50.0,190.0,15.0,19.9
USW00014732,"LAGUARDIA AIRPORT, NY US",2015-07-10,9.4,0.0,0.0,0.0,76.0,84.0,72.0,330.0,340.0,19.9,25.1
USW00014732,"LAGUARDIA AIRPORT, NY US",2015-07-11,5.37,0.0,0.0,0.0,79.0,86.0,72.0,220.0,220.0,12.1,15.0
USW00014732,"LAGUARDIA AIRPORT, NY US",2015-07-12,6.26,0.0,0.0,0.0,81.0,89.0,73.0,170.0,170.0,14.1,18.1
USW00014732,"LAGUARDIA AIRPORT, NY US",2015-07-13,7.83,0.0,0.0,0.0,80.0,85.0,74.0,160.0,170.0,16.1,21.0
USW00014732,"LAGUARDIA AIRPORT, NY US",2015-07-14,7.61,0.95,0.0,0.0,76.0,81.0,71.0,170.0,150.0,17.0,21.9
USW00014732,"LAGUARDIA AIRPORT, NY US",2015-07-15,9.17,0.01,0.0,0.0,76.0,81.0,72.0,350.0,20.0,21.9,25.9
USW00014732,"LAGUARDIA AIRPORT, NY US",2015-07-16,8.95,0.0,0.0,0.0,72.0,80.0,64.0,10.0,20.0,19.9,23.0
USW00014732,"LAGUARDIA AIRPORT, NY US",2015-07-17,11.41,0.0,0.0,0.0,74.0,80.0,68.0,180.0,180.0,21.0,25.9
USW00014732,"LAGUARDIA AIRPORT, NY US",2015-07-18,9.62,0.18,0.0,0.0,76.0,86.0,72.0,160.0,230.0,16.1,21.0
USW00014732,"LAGUARDIA AIRPORT, NY US",2015-07-19,6.93,0.0,0.0,0.0,84.0,94.0,78.0,160.0,170.0,18.1,21.9
USW00014732,"LAGUARDIA AIRPORT, NY US",2015-07-20,8.72,0.0,0.0,0.0,89.0,95.0,83.0,300.0,260.0,18.1,23.0
USW00014732,"LAGUARDIA AIRPORT, NY US",2015-07-21,7.83,0.0,0.0,0.0,86.0,92.0,75.0,330.0,30.0,21.9,29.1
USW00014732,"LAGUARDIA AIRPORT, NY US",2015-07-22,13.42,0.0,0.0,0.0,77.0,86.0,71.0,320.0,310.0,23.0,29.1
USW00014732,"LAGUARDIA AIRPORT, NY US",2015-07-23,9.62,0.0,0.0,0.0,77.0,85.0,71.0,310.0,310.0,18.1,23.9
USW00014732,"LAGUARDIA AIRPORT, NY US",2015-07-24,5.82,0.0,0.0,0.0,78.0,85.0,71.0,40.0,40.0,14.1,18.1
USW00014732,"LAGUARDIA AIRPORT, NY US",2015-07-25,8.05,0.0,0.0,0.0,78.0,85.0,71.0,170.0,180.0,16.1,21.0
USW00014732,"LAGUARDIA AIRPORT, NY US",2015-07-26,11.41,0.05,0.0,0.0,80.0,89.0,75.0,160.0,170.0,23.0,28.0
USW00014732,"LAGUARDIA AIRPORT, NY US",2015-07-27,9.17,0.0,0.0,0.0,80.0,87.0,76.0,170.0,160.0,19.9,25.1
USW00014732,"LAGUARDIA AIRPORT, NY US",2015-07-28,5.82,0.0,0.0,0.0,83.0,94.0,76.0,200.0,140.0,13.0,16.1
USW00014732,"LAGUARDIA AIRPORT, NY US",2015-07-29,7.16,0.0,0.0,0.0,86.0,95.0,78.0,160.0,150.0,21.0,25.1
USW00014732,"LAGUARDIA AIRPORT, NY US",2015-07-30,8.5,1.62,0.0,0.0,82.0,87.0,75.0,250.0,250.0,25.1,36.0
USW00014732,"LAGUARDIA AIRPORT, NY US",2015-07-31,7.61,0.0,0.0,0.0,81.0,91.0,74.0,320.0,320.0,16.1,23.9
USW00014732,"LAGUARDIA AIRPORT, NY US",2015-08-01,9.62,0.0,0.0,0.0,84.0,90.0,77.0,240.0,240.0,21.9,28.0
USW00014732,"LAGUARDIA AIRPORT, NY US",2015-08-02,7.61,0.0,0.0,0.0,81.0,89.0,73.0,160.0,180.0,19.9,23.0
USW00014732,"LAGUARDIA AIRPORT, NY US",2015-08-03,10.96,0.0,0.0,0.0,83.0,92.0,76.0,180.0,170.0,21.9,28.0
USW00014732,"LAGUARDIA AIRPORT, NY US",2015-08-04,10.51,0.3,0.0,0.0,83.0,91.0,70.0,270.0,260.0,31.1,40.9
USW00014732,"LAGUARDIA AIRPORT, NY US",2015-08-05,7.83,0.0,0.0,0.0,80.0,88.0,72.0,260.0,270.0,19.9,25.1
USW00014732,"LAGUARDIA AIRPORT, NY US",2015-08-06,6.71,0.0,0.0,0.0,76.0,82.0,70.0,320.0,70.0,14.1,18.1
USW00014732,"LAGUARDIA AIRPORT, NY US",2015-08-07,9.4,0.0,0.0,0.0,76.0,82.0,69.0,50.0,40.0,16.1,32.0
USW00014732,"LAGUARDIA AIRPORT, NY US",2015-08-08,7.16,0.0,0.0,0.0,75.0,81.0,69.0,50.0,40.0,13.0,15.0
USW00014732,"LAGUARDIA AIRPORT, NY US",2015-08-09,8.5,0.0,0.0,0.0,76.0,84.0,70.0,60.0,70.0,15.0,28.0
USW00014732,"LAGUARDIA AIRPORT, NY US",2015-08-10,10.96,0.0,0.0,0.0,74.0,81.0,70.0,150.0,170.0,19.9,23.9
USW00014732,"LAGUARDIA AIRPORT, NY US",2015-08-11,10.96,1.18,0.0,0.0,75.0,82.0,71.0,170.0,150.0,21.9,31.1
USW00014732,"LAGUARDIA AIRPORT, NY US",2015-08-12,11.63,0.0,0.0,0.0,77.0,85.0,72.0,320.0,320.0,19.9,23.0
USW00014732,"LAGUARDIA AIRPORT, NY US",2015-08-13,6.71,0.0,0.0,0.0,76.0,83.0,69.0,320.0,320.0,14.1,17.0
USW00014732,"LAGUARDIA AIRPORT, NY US",2015-08-14,7.38,0.0,0.0,0.0,79.0,88.0,71.0,180.0,180.0,19.9,23.0
USW00014732,"LAGUARDIA AIRPORT, NY US",2015-08-15,6.93,0.0,0.0,0.0,81.0,92.0,74.0,170.0,180.0,21.9,29.1
USW00014732,"LAGUARDIA AIRPORT, NY US",2015-08-16,4.92,0.0,0.0,0.0,83.0,92.0,77.0,100.0,110.0,21.0,25.9
USW00014732,"LAGUARDIA AIRPORT, NY US",2015-08-17,6.71,0.0,0.0,0.0,85.0,93.0,79.0,170.0,360.0,16.1,21.0
USW00014732,"LAGUARDIA AIRPORT, NY US",2015-08-18,9.84,0.0,0.0,0.0,83.0,89.0,77.0,180.0,170.0,23.0,31.1
USW00014732,"LAGUARDIA AIRPORT, NY US",2015-08-19,11.41,0.0,0.0,0.0,80.0,87.0,76.0,160.0,140.0,21.0,28.0
USW00014732,"LAGUARDIA AIRPORT, NY US",2015-08-20,12.97,0.0,0.0,0.0,81.0,87.0,77.0,150.0,150.0,23.0,30.0
USW00014732,"LAGUARDIA AIRPORT, NY US",2015-08-21,8.72,0.32,0.0,0.0,79.0,86.0,71.0,350.0,170.0,21.0,28.0
USW00014732,"LAGUARDIA AIRPORT, NY US",2015-08-22,7.61,0.0,0.0,0.0,77.0,84.0,70.0,10.0,10.0,15.0,19.9
USW00014732,"LAGUARDIA AIRPORT, NY US",2015-08-23,6.93,0.0,0.0,0.0,76.0,83.0,71.0,60.0,60.0,13.0,19.9
USW00014732,"LAGUARDIA AIRPORT, NY US",2015-08-24,7.16,0.0,0.0,0.0,78.0,86.0,73.0,180.0,180.0,16.1,21.0
USW00014732,"LAGUARDIA AIRPORT, NY US",2015-08-25,10.51,0.0,0.0,0.0,81.0,88.0,75.0,310.0,170.0,19.9,25.1
USW00014732,"LAGUARDIA AIRPORT, NY US",2015-08-26,10.29,0.0,0.0,0.0,77.0,83.0,69.0,250.0,310.0,19.9,25.1
USW00014732,"LAGUARDIA AIRPORT, NY US",2015-08-27,10.07,0.0,0.0,0.0,74.0,80.0,68.0,310.0,300.0,17.0,23.9
USW00014732,"LAGUARDIA AIRPORT, NY US",2015-08-28,4.92,0.0,0.0,0.0,73.0,83.0,66.0,350.0,50.0,13.0,16.1
USW00014732,"LAGUARDIA AIRPORT, NY US",2015-08-29,7.61,0.0,0.0,0.0,77.0,85.0,70.0,170.0,180.0,18.1,23.0
USW00014732,"LAGUARDIA AIRPORT, NY US",2015-08-30,7.61,0.08,0.0,0.0,79.0,90.0,72.0,230.0,220.0,23.9,30.0
USW00014732,"LAGUARDIA AIRPORT, NY US",2015-08-31,9.4,0.0,0.0,0.0,83.0,92.0,77.0,260.0,250.0,18.1,28.0
USW00014732,"LAGUARDIA AIRPORT, NY US",2015-09-01,6.26,0.0,0.0,0.0,83.0,88.0,76.0,60.0,170.0,15.0,18.1
USW00014732,"LAGUARDIA AIRPORT, NY US",2015-09-02,6.71,0.0,0.0,0.0,80.0,88.0,75.0,160.0,170.0,18.1,21.0
USW00014732,"LAGUARDIA AIRPORT, NY US",2015-09-03,5.14,0.0,0.0,0.0,83.0,93.0,76.0,170.0,60.0,10.1,25.1
USW00014732,"LAGUARDIA AIRPORT, NY US",2015-09-04,11.18,0.0,0.0,0.0,80.0,84.0,70.0,60.0,60.0,21.0,25.9
USW00014732,"LAGUARDIA AIRPORT, NY US",2015-09-05,8.72,0.0,0.0,0.0,73.0,80.0,67.0,50.0,50.0,16.1,21.0
USW00014732,"LAGUARDIA AIRPORT, NY US",2015-09-06,6.49,0.0,0.0,0.0,74.0,84.0,67.0,180.0,150.0,15.0,19.9
USW00014732,"LAGUARDIA AIRPORT, NY US",2015-09-07,9.62,0.0,0.0,0.0,78.0,90.0,71.0,160.0,170.0,18.1,23.0
USW00014732,"LAGUARDIA AIRPORT, NY US",2015-09-08,9.84,0.0,0.0,0.0,83.0,95.0,76.0,170.0,170.0,21.9,29.1
USW00014732,"LAGUARDIA AIRPORT, NY US",2015-09-09,10.96,0.14,0.0,0.0,81.0,89.0,76.0,170.0,180.0,21.0,23.9
USW00014732,"LAGUARDIA AIRPORT, NY US",2015-09-10,10.29,1.04,0.0,0.0,75.0,79.0,70.0,50.0,40.0,21.9,25.1
USW00014732,"LAGUARDIA AIRPORT, NY US",2015-09-11,9.4,0.0,0.0,0.0,72.0,81.0,66.0,20.0,20.0,17.0,23.0
USW00014732,"LAGUARDIA AIRPORT, NY US",2015-09-12,10.29,0.17,0.0,0.0,75.0,79.0,70.0,130.0,140.0,23.0,30.0
USW00014732,"LAGUARDIA AIRPORT, NY US",2015-09-13,9.84,0.05,0.0,0.0,73.0,79.0,62.0,290.0,300.0,23.9,31.1
USW00014732,"LAGUARDIA AIRPORT, NY US",2015-09-14,13.42,0.0,0.0,0.0,67.0,75.0,59.0,320.0,300.0,23.9,30.0
USW00014732,"LAGUARDIA AIRPORT, NY US",2015-09-15,5.14,0.0,0.0,0.0,73.0,84.0,65.0,310.0,310.0,13.0,16.1
USW00014732,"LAGUARDIA AIRPORT, NY US",2015-09-16,4.03,0.0,0.0,0.0,77.0,87.0,68.0,180.0,160.0,13.0,16.1
USW00014732,"LAGUARDIA AIRPORT, NY US",2015-09-17,4.92,0.0,0.0,0.0,78.0,87.0,70.0,180.0,170.0,16.1,21.0
USW00014732,"LAGUARDIA AIRPORT, NY US",2015-09-18,6.04,0.0,0.0,0.0,77.0,85.0,70.0,180.0,180.0,15.0,19.9
USW00014732,"LAGUARDIA AIRPORT, NY US",2015-09-19,9.84,0.0,0.0,0.0,74.0,80.0,69.0,170.0,170.0,18.1,23.9
USW00014732,"LAGUARDIA AIRPORT, NY US",2015-09-20,12.75,0.0,0.0,0.0,73.0,76.0,65.0,350.0,340.0,21.9,25.9
USW00014732,"LAGUARDIA AIRPORT, NY US",2015-09-21,12.53,0.0,0.0,0.0,65.0,73.0,59.0,40.0,50.0,21.9,30.0
USW00014732,"LAGUARDIA AIRPORT, NY US",2015-09-22,11.18,0.0,0.0,0.0,66.0,72.0,61.0,60.0,50.0,18.1,23.9
USW00014732,"LAGUARDIA AIRPORT, NY US",2015-09-23,6.49,0.0,0.0,0.0,68.0,79.0,59.0,60.0,50.0,13.0,18.1
USW00014732,"LAGUARDIA AIRPORT, NY US",2015-09-24,8.05,0.0,0.0,0.0,70.0,81.0,63.0,50.0,60.0,18.1,25.1
USW00014732,"LAGUARDIA AIRPORT, NY US",2015-09-25,11.41,0.0,0.0,0.0,69.0,73.0,64.0,40.0,50.0,19.9,25.1
USW00014732,"LAGUARDIA AIRPORT, NY US",2015-09-26,11.63,0.0,0.0,0.0,66.0,70.0,59.0,70.0,50.0,19.9,25.1
USW00014732,"LAGUARDIA AIRPORT, NY US",2015-09-27,9.17,0.0,0.0,0.0,62.0,69.0,56.0,50.0,60.0,16.1,23.0
USW00014732,"LAGUARDIA AIRPORT, NY US",2015-09-28,6.93,0.0,0.0,0.0,69.0,79.0,65.0,170.0,70.0,14.1,23.0
USW00014732,"LAGUARDIA AIRPORT, NY US",2015-09-29,7.38,0.08,0.0,0.0,75.0,83.0,71.0,160.0,160.0,15.0,21.0
USW00014732,"LAGUARDIA AIRPORT, NY US",2015-09-30,14.99,1.03,0.0,0.0,73.0,78.0,59.0,360.0,360.0,29.1,38.0
USW00014732,"LAGUARDIA AIRPORT, NY US",2015-10-01,14.99,0.09,0.0,0.0,59.0,64.0,54.0,30.0,20.0,23.9,36.0
USW00014732,"LAGUARDIA AIRPORT, NY US",2015-10-02,20.8,1.15,0.0,0.0,54.0,57.0,49.0,40.0,40.0,32.0,42.9
USW00014732,"LAGUARDIA AIRPORT, NY US",2015-10-03,24.83,0.36,0.0,0.0,52.0,56.0,49.0,50.0,50.0,35.1,42.9
USW00014732,"LAGUARDIA AIRPORT, NY US",2015-10-04,19.01,0.0,0.0,0.0,57.0,63.0,53.0,60.0,50.0,28.0,35.1
USW00014732,"LAGUARDIA AIRPORT, NY US",2015-10-05,10.74,0.0,0.0,0.0,57.0,65.0,52.0,60.0,60.0,18.1,23.0
USW00014732,"LAGUARDIA AIRPORT, NY US",2015-10-06,5.82,0.0,0.0,0.0,62.0,73.0,55.0,320.0,320.0,13.0,15.0
USW00014732,"LAGUARDIA AIRPORT, NY US",2015-10-07,6.04,0.0,0.0,0.0,65.0,73.0,59.0,330.0,310.0,14.1,17.0
USW00014732,"LAGUARDIA AIRPORT, NY US",2015-10-08,6.71,0.0,0.0,0.0,64.0,68.0,60.0,160.0,150.0,13.0,17.0
USW00014732,"LAGUARDIA AIRPORT, NY US",2015-10-09,10.07,0.5,0.0,0.0,67.0,78.0,62.0,280.0,280.0,29.1,36.9
USW00014732,"LAGUARDIA AIRPORT, NY US",2015-10-10,7.83,0.0,0.0,0.0,60.0,65.0,52.0,340.0,340.0,23.0,29.1
USW00014732,"LAGUARDIA AIRPORT, NY US",2015-10-11,7.16,0.0,0.0,0.0,60.0,70.0,53.0,170.0,170.0,16.1,18.1
USW00014732,"LAGUARDIA AIRPORT, NY US",2015-10-12,7.61,0.0,0.0,0.0,65.0,76.0,56.0,170.0,170.0,17.0,21.9
USW00014732,"LAGUARDIA AIRPORT, NY US",2015-10-13,8.28,0.0,0.0,0.0,66.0,73.0,62.0,260.0,260.0,17.0,21.0
USW00014732,"LAGUARDIA AIRPORT, NY US",2015-10-14,10.96,0.0,0.0,0.0,65.0,68.0,58.0,270.0,260.0,17.0,25.1
USW00014732,"LAGUARDIA AIRPORT, NY US",2015-10-15,10.07,0.0,0.0,0.0,58.0,64.0,52.0,260.0,290.0,16.1,25.1
USW00014732,"LAGUARDIA AIRPORT, NY US",2015-10-16,12.3,0.0,0.0,0.0,59.0,64.0,55.0,300.0,310.0,23.0,28.0
USW00014732,"LAGUARDIA AIRPORT, NY US",2015-10-17,13.87,0.0,0.0,0.0,53.0,55.0,43.0,330.0,340.0,21.9,29.1
USW00014732,"LAGUARDIA AIRPORT, NY US",2015-10-18,12.3,0.0,0.0,0.0,44.0,50.0,39.0,330.0,330.0,23.9,29.1
USW00014732,"LAGUARDIA AIRPORT, NY US",2015-10-19,9.4,0.0,0.0,0.0,44.0,53.0,37.0,230.0,240.0,18.1,28.0
USW00014732,"LAGUARDIA AIRPORT, NY US",2015-10-20,11.63,0.0,0.0,0.0,56.0,71.0,49.0,230.0,230.0,19.9,25.1
USW00014732,"LAGUARDIA AIRPORT, NY US",2015-10-21,5.82,0.0,0.0,0.0,65.0,76.0,57.0,190.0,230.0,14.1,19.9
USW00014732,"LAGUARDIA AIRPORT, NY US",2015-10-22,9.62,0.0,0.0,0.0,65.0,76.0,57.0,340.0,360.0,21.0,25.1
USW00014732,"LAGUARDIA AIRPORT, NY US",2015-10-23,12.97,0.0,0.0,0.0,60.0,65.0,46.0,330.0,320.0,23.0,29.1
USW00014732,"LAGUARDIA AIRPORT, NY US",2015-10-24,8.05,0.0,0.0,0.0,48.0,57.0,41.0,130.0,140.0,14.1,16.1
USW00014732,"LAGUARDIA AIRPORT, NY US",2015-10-25,12.08,0.03,0.0,0.0,59.0,68.0,51.0,330.0,320.0,23.0,30.0
USW00014732,"LAGUARDIA AIRPORT, NY US",2015-10-26,7.16,0.0,0.0,0.0,53.0,59.0,48.0,10.0,20.0,15.0,21.0
USW00014732,"LAGUARDIA AIRPORT, NY US",2015-10-27,7.38,0.0,0.0,0.0,52.0,59.0,46.0,100.0,60.0,12.1,18.1
USW00014732,"LAGUARDIA AIRPORT, NY US",2015-10-28,17.67,1.25,0.0,0.0,57.0,70.0,51.0,170.0,160.0,31.1,44.1
USW00014732,"LAGUARDIA AIRPORT, NY US",2015-10-29,15.21,0.01,0.0,0.0,67.0,74.0,58.0,270.0,270.0,30.0,38.0
USW00014732,"LAGUARDIA AIRPORT, NY US",2015-10-30,14.32,0.0,0.0,0.0,57.0,60.0,48.0,320.0,320.0,21.9,28.0
USW00014732,"LAGUARDIA AIRPORT, NY US",2015-10-31,6.26,0.0,0.0,0.0,49.0,56.0,43.0,30.0,250.0,14.1,18.1
USW00014732,"LAGUARDIA AIRPORT, NY US",2015-11-01,9.4,0.0,0.0,0.0,57.0,65.0,53.0,260.0,280.0,17.0,21.9
USW00014732,"LAGUARDIA AIRPORT, NY US",2015-11-02,3.58,0.0,0.0,0.0,60.0,63.0,56.0,320.0,320.0,13.0,16.1
USW00014732,"LAGUARDIA AIRPORT, NY US",2015-11-03,2.91,0.0,0.0,0.0,61.0,73.0,51.0,210.0,200.0,12.1,15.0
USW00014732,"LAGUARDIA AIRPORT, NY US",2015-11-04,4.92,0.0,0.0,0.0,62.0,70.0,55.0,160.0,60.0,13.0,18.1
USW00014732,"LAGUARDIA AIRPORT, NY US",2015-11-05,4.25,0.0,0.0,0.0,62.0,71.0,57.0,170.0,220.0,10.1,17.0
USW00014732,"LAGUARDIA AIRPORT, NY US",2015-11-06,10.29,0.0,0.0,0.0,68.0,75.0,65.0,230.0,240.0,23.0,32.0
USW00014732,"LAGUARDIA AIRPORT, NY US",2015-11-07,11.41,0.0,0.0,0.0,66.0,72.0,54.0,330.0,330.0,21.0,28.0
USW00014732,"LAGUARDIA AIRPORT, NY US",2015-11-08,8.72,0.0,0.0,0.0,53.0,58.0,48.0,320.0,320.0,21.9,28.0
USW00014732,"LAGUARDIA AIRPORT, NY US",2015-11-09,3.58,0.0,0.0,0.0,53.0,60.0,46.0,170.0,220.0,14.1,21.0
USW00014732,"LAGUARDIA AIRPORT, NY US",2015-11-10,15.43,0.27,0.0,0.0,56.0,59.0,52.0,60.0,50.0,29.1,36.9
USW00014732,"LAGUARDIA AIRPORT, NY US",2015-11-11,11.18,0.23,0.0,0.0,53.0,57.0,50.0,50.0,40.0,23.0,33.1
USW00014732,"LAGUARDIA AIRPORT, NY US",2015-11-12,10.96,0.01,0.0,0.0,55.0,60.0,51.0,270.0,270.0,28.0,36.9
USW00014732,"LAGUARDIA AIRPORT, NY US",2015-11-13,19.91,0.0,0.0,0.0,57.0,59.0,48.0,280.0,270.0,31.1,42.9
USW00014732,"LAGUARDIA AIRPORT, NY US",2015-11-14,16.33,0.0,0.0,0.0,48.0,49.0,43.0,310.0,310.0,33.1,45.0
USW00014732,"LAGUARDIA AIRPORT, NY US",2015-11-15,9.62,0.0,0.0,0.0,47.0,59.0,42.0,250.0,230.0,17.0,23.0
USW00014732,"LAGUARDIA AIRPORT, NY US",2015-11-16,6.49,0.0,0.0,0.0,59.0,68.0,51.0,270.0,270.0,16.1,19.9
USW00014732,"LAGUARDIA AIRPORT, NY US",2015-11-17,11.41,0.0,0.0,0.0,49.0,53.0,41.0,50.0,50.0,23.0,28.0
USW00014732,"LAGUARDIA AIRPORT, NY US",2015-11-18,9.62,0.0,0.0,0.0,51.0,59.0,45.0,140.0,120.0,17.0,23.0
USW00014732,"LAGUARDIA AIRPORT, NY US",2015-11-19,15.43,1.16,0.0,0.0,60.0,64.0,55.0,170.0,150.0,28.0,40.9
USW00014732,"LAGUARDIA AIRPORT, NY US",2015-11-20,12.75,0.0,0.0,0.0,59.0,64.0,47.0,320.0,320.0,21.9,28.0
USW00014732,"LAGUARDIA AIRPORT, NY US",2015-11-21,8.72,0.0,0.0,0.0,47.0,54.0,43.0,50.0,10.0,16.1,21.9
USW00014732,"LAGUARDIA AIRPORT, NY US",2015-11-22,11.63,0.0,0.0,0.0,52.0,56.0,44.0,350.0,360.0,23.0,30.0
USW00014732,"LAGUARDIA AIRPORT, NY US",2015-11-23,14.32,0.0,0.0,0.0,42.0,44.0,36.0,320.0,330.0,23.9,29.1
USW00014732,"LAGUARDIA AIRPORT, NY US",2015-11-24,7.61,0.0,0.0,0.0,39.0,47.0,33.0,310.0,310.0,17.0,21.0
USW00014732,"LAGUARDIA AIRPORT, NY US",2015-11-25,6.26,0.0,0.0,0.0,44.0,49.0,40.0,140.0,60.0,10.1,21.0
USW00014732,"LAGUARDIA AIRPORT, NY US",2015-11-26,4.03,0.0,0.0,0.0,48.0,60.0,41.0,190.0,40.0,10.1,19.9
USW00014732,"LAGUARDIA AIRPORT, NY US",2015-11-27,7.38,0.0,0.0,0.0,56.0,65.0,48.0,240.0,320.0,15.0,23.0
USW00014732,"LAGUARDIA AIRPORT, NY US",2015-11-28,7.61,0.03,0.0,0.0,57.0,62.0,44.0,240.0,260.0,15.0,19.9
USW00014732,"LAGUARDIA AIRPORT, NY US",2015-11-29,10.51,0.0,0.0,0.0,43.0,48.0,38.0,30.0,40.0,18.1,23.9
USW00014732,"LAGUARDIA AIRPORT, NY US",2015-11-30,11.41,0.0,0.0,0.0,40.0,46.0,34.0,40.0,60.0,19.9,29.1
USW00014732,"LAGUARDIA AIRPORT, NY US",2015-12-01,10.96,0.33,0.0,0.0,47.0,53.0,45.0,90.0,70.0,17.0,23.0
USW00014732,"LAGUARDIA AIRPORT, NY US",2015-12-02,5.82,0.14,0.0,0.0,48.0,57.0,45.0,260.0,260.0,17.0,21.9
USW00014732,"LAGUARDIA AIRPORT, NY US",2015-12-03,15.21,0.0,0.0,0.0,51.0,56.0,45.0,290.0,280.0,28.0,38.0
USW00014732,"LAGUARDIA AIRPORT, NY US",2015-12-04,10.74,0.0,0.0,0.0,47.0,52.0,44.0,290.0,290.0,17.0,23.0
USW00014732,"LAGUARDIA AIRPORT, NY US",2015-12-05,3.36,0.0,0.0,0.0,47.0,52.0,43.0,210.0,40.0,8.9,13.0
USW00014732,"LAGUARDIA AIRPORT, NY US",2015-12-06,4.92,0.0,0.0,0.0,47.0,53.0,40.0,240.0,210.0,10.1,13.0
USW00014732,"LAGUARDIA AIRPORT, NY US",2015-12-07,5.14,0.0,0.0,0.0,49.0,55.0,43.0,350.0,350.0,15.0,19.9
USW00014732,"LAGUARDIA AIRPORT, NY US",2015-12-08,6.04,0.0,0.0,0.0,45.0,49.0,41.0,360.0,10.0,16.1,19.9
USW00014732,"LAGUARDIA AIRPORT, NY US",2015-12-09,7.38,0.0,0.0,0.0,46.0,55.0,39.0,170.0,160.0,16.1,21.9
USW00014732,"LAGUARDIA AIRPORT, NY US",2015-12-10,5.37,0.0,0.0,0.0,55.0,61.0,52.0,180.0,180.0,13.0,17.0
USW00014732,"LAGUARDIA AIRPORT, NY US",2015-12-11,6.71,0.0,0.0,0.0,54.0,61.0,49.0,180.0,240.0,13.0,17.0
USW00014732,"LAGUARDIA AIRPORT, NY US",2015-12-12,2.46,0.0,0.0,0.0,59.0,66.0,53.0,180.0,180.0,12.1,15.0
USW00014732,"LAGUARDIA AIRPORT, NY US",2015-12-13,5.82,0.0,0.0,0.0,57.0,62.0,53.0,50.0,60.0,16.1,19.9
USW00014732,"LAGUARDIA AIRPORT, NY US",2015-12-14,6.49,0.28,0.0,0.0,54.0,64.0,51.0,170.0,180.0,17.0,21.9
USW00014732,"LAGUARDIA AIRPORT, NY US",2015-12-15,16.78,0.11,0.0,0.0,61.0,64.0,52.0,290.0,310.0,31.1,40.9
USW00014732,"LAGUARDIA AIRPORT, NY US",2015-12-16,9.17,0.04,0.0,0.0,50.0,52.0,45.0,330.0,330.0,19.9,23.9
USW00014732,"LAGUARDIA AIRPORT, NY US",2015-12-17,7.38,0.89,0.0,0.0,53.0,59.0,50.0,160.0,160.0,17.0,23.0
USW00014732,"LAGUARDIA AIRPORT, NY US",2015-12-18,13.42,0.01,0.0,0.0,51.0,57.0,39.0,320.0,320.0,25.1,30.0
USW00014732,"LAGUARDIA AIRPORT, NY US",2015-12-19,17.9,0.0,0.0,0.0,39.0,41.0,36.0,270.0,300.0,25.9,38.0
USW00014732,"LAGUARDIA AIRPORT, NY US",2015-12-20,11.86,0.0,0.0,0.0,40.0,44.0,36.0,320.0,320.0,25.9,33.1
USW00014732,"LAGUARDIA AIRPORT, NY US",2015-12-21,8.95,0.0,0.0,0.0,46.0,57.0,40.0,230.0,220.0,18.1,23.9
USW00014732,"LAGUARDIA AIRPORT, NY US",2015-12-22,7.38,0.18,0.0,0.0,57.0,62.0,55.0,230.0,230.0,17.0,23.0
USW00014732,"LAGUARDIA AIRPORT, NY US",2015-12-23,8.05,1.45,0.0,0.0,54.0,63.0,50.0,170.0,170.0,18.1,23.0
USW00014732,"LAGUARDIA AIRPORT, NY US",2015-12-24,8.5,0.01,0.0,0.0,64.0,72.0,59.0,240.0,250.0,23.0,32.0
USW00014732,"LAGUARDIA AIRPORT, NY US",2015-12-25,2.01,0.03,0.0,0.0,60.0,64.0,54.0,320.0,80.0,8.9,12.1
USW00014732,"LAGUARDIA AIRPORT, NY US",2015-12-26,10.07,0.01,0.0,0.0,54.0,59.0,47.0,60.0,40.0,18.1,23.0
USW00014732,"LAGUARDIA AIRPORT, NY US",2015-12-27,9.62,0.15,0.0,0.0,52.0,62.0,46.0,330.0,320.0,21.9,31.1
USW00014732,"LAGUARDIA AIRPORT, NY US",2015-12-28,13.65,0.05,0.0,0.0,45.0,48.0,35.0,90.0,80.0,23.0,29.1
USW00014732,"LAGUARDIA AIRPORT, NY US",2015-12-29,11.41,0.45,0.0,0.0,40.0,48.0,34.0,50.0,40.0,23.0,29.1
USW00014732,"LAGUARDIA AIRPORT, NY US",2015-12-30,6.49,0.17,0.0,0.0,42.0,48.0,40.0,90.0,70.0,14.1,21.9
USW00014732,"LAGUARDIA AIRPORT, NY US",2015-12-31,11.63,0.03,0.0,0.0,47.0,50.0,43.0,320.0,330.0,21.9,28.0
